split,n_rows,accuracy,macro_f1
train,33061,0.8479174858594719,0.8464156922283026
valid,7097,0.8445822178385233,0.8432514283889146
test,7092,0.7203891708967851,0.7163641243424115
